{"cameraMode":{"drawMode":0,"name":"Shaded","section":"Shading Mode"},"sceneLighting":false,"audioPlay":false,"sceneViewState":{"showFog":true,"showMaterialUpdate":true,"showSkybox":false,"showFlares":true,"showImageEffects":true,"showParticleSystems":true},"in2DMode":false,"pivot":{"x":3.4937164783477785,"y":-0.7636809349060059,"z":2.1710751056671144},"rotation":{"x":0.10756778717041016,"y":-0.8427841067314148,"z":0.1833471804857254,"w":0.49455806612968447},"size":5.353461265563965,"orthographic":false}