{"cameraMode":{"drawMode":0,"name":"Shaded","section":"Shading Mode"},"sceneLighting":false,"audioPlay":false,"sceneViewState":{"showFog":true,"showMaterialUpdate":true,"showSkybox":false,"showFlares":true,"showImageEffects":true,"showParticleSystems":true},"in2DMode":false,"pivot":{"x":0.1493840366601944,"y":3.8658742904663088,"z":0.7767295837402344},"rotation":{"x":-0.001177654485218227,"y":0.9894644021987915,"z":-0.144688680768013,"w":-0.007984688505530358},"size":9.446781158447266,"orthographic":false}