{"cameraMode":{"drawMode":0,"name":"Shaded","section":"Shading Mode"},"sceneLighting":true,"audioPlay":false,"sceneViewState":{"showFog":true,"showMaterialUpdate":true,"showSkybox":false,"showFlares":true,"showImageEffects":true,"showParticleSystems":true},"in2DMode":false,"pivot":{"x":18.304704666137697,"y":-12.302478790283204,"z":-0.21258926391601563},"rotation":{"x":-0.38248422741889956,"y":-0.2630253732204437,"z":0.1145348846912384,"w":-0.8783342838287354},"size":87.17410278320313,"orthographic":false}