{"cameraMode":{"drawMode":0,"name":"Shaded","section":"Shading Mode"},"sceneLighting":true,"audioPlay":false,"sceneViewState":{"showFog":true,"showMaterialUpdate":true,"showSkybox":false,"showFlares":true,"showImageEffects":true,"showParticleSystems":true},"in2DMode":false,"pivot":{"x":-2.6806399822235109,"y":5.250304222106934,"z":14.515881538391114},"rotation":{"x":0.4088681936264038,"y":-0.0013713305816054345,"z":0.000619550934061408,"w":0.9126021862030029},"size":12.017300605773926,"orthographic":false}