{"cameraMode":{"drawMode":0,"name":"Shaded","section":"Shading Mode"},"sceneLighting":true,"audioPlay":false,"sceneViewState":{"showFog":true,"showMaterialUpdate":true,"showSkybox":false,"showFlares":true,"showImageEffects":true,"showParticleSystems":true},"in2DMode":false,"pivot":{"x":-18.595979690551759,"y":3.746068000793457,"z":-4.596795082092285},"rotation":{"x":0.1863662749528885,"y":0.657156229019165,"z":-0.1725749373435974,"w":0.7096726298332214},"size":43.865638732910159,"orthographic":false}