{"cameraMode":{"drawMode":0,"name":"Shaded","section":"Shading Mode"},"sceneLighting":false,"audioPlay":false,"sceneViewState":{"showFog":true,"showMaterialUpdate":true,"showSkybox":false,"showFlares":true,"showImageEffects":true,"showParticleSystems":true},"in2DMode":false,"pivot":{"x":-0.0017523765563964844,"y":3.457170009613037,"z":0.0},"rotation":{"x":-0.01525411382317543,"y":0.9082930684089661,"z":-0.41678228974342348,"w":-0.03322969377040863},"size":19.67869758605957,"orthographic":false}