{"cameraMode":{"drawMode":0,"name":"Shaded","section":"Shading Mode"},"sceneLighting":true,"audioPlay":false,"sceneViewState":{"showFog":true,"showMaterialUpdate":true,"showSkybox":false,"showFlares":true,"showImageEffects":true,"showParticleSystems":true},"in2DMode":false,"pivot":{"x":557.4038696289063,"y":98.62916564941406,"z":-14.399299621582032},"rotation":{"x":0.009424285963177681,"y":0.9847490787506104,"z":-0.16428832709789277,"w":0.056489355862140658},"size":208.89935302734376,"orthographic":false}