{"cameraMode":{"drawMode":0,"name":"Shaded","section":"Shading Mode"},"sceneLighting":true,"audioPlay":false,"sceneViewState":{"showFog":true,"showMaterialUpdate":true,"showSkybox":false,"showFlares":true,"showImageEffects":true,"showParticleSystems":true},"in2DMode":false,"pivot":{"x":0.007614556699991226,"y":-3.819913864135742,"z":-18.176319122314454},"rotation":{"x":0.12893763184547425,"y":0.8693524599075317,"z":-0.3653141260147095,"w":0.3068384528160095},"size":23.747188568115236,"orthographic":false}