{"cameraMode":{"drawMode":0,"name":"Shaded","section":"Shading Mode"},"sceneLighting":false,"audioPlay":false,"sceneViewState":{"showFog":true,"showMaterialUpdate":true,"showSkybox":false,"showFlares":true,"showImageEffects":true,"showParticleSystems":true},"in2DMode":false,"pivot":{"x":133.7494659423828,"y":4.716680526733398,"z":153.6909637451172},"rotation":{"x":-0.25613537430763247,"y":-0.2473943829536438,"z":0.06798794120550156,"w":-0.9320046901702881},"size":15.11711597442627,"orthographic":false}