{"cameraMode":{"drawMode":0,"name":"Shaded","section":"Shading Mode"},"sceneLighting":false,"audioPlay":false,"sceneViewState":{"showFog":true,"showMaterialUpdate":true,"showSkybox":false,"showFlares":true,"showImageEffects":true,"showParticleSystems":true},"in2DMode":false,"pivot":{"x":127.80801391601563,"y":4.443545341491699,"z":145.1143341064453},"rotation":{"x":-0.12808313965797425,"y":-0.06388474255800247,"z":0.00826310459524393,"w":-0.989701509475708},"size":14.760135650634766,"orthographic":false}