{"cameraMode":{"drawMode":0,"name":"Shaded","section":"Shading Mode"},"sceneLighting":false,"audioPlay":false,"sceneViewState":{"showFog":true,"showMaterialUpdate":true,"showSkybox":false,"showFlares":true,"showImageEffects":true,"showParticleSystems":true},"in2DMode":false,"pivot":{"x":-7.327134132385254,"y":-2.538320541381836,"z":4.963451385498047},"rotation":{"x":0.3513699173927307,"y":0.2223949432373047,"z":-0.08630084246397019,"w":0.905368447303772},"size":34.18317413330078,"orthographic":false}