{"cameraMode":{"drawMode":0,"name":"Shaded","section":"Shading Mode"},"sceneLighting":false,"audioPlay":false,"sceneViewState":{"showFog":true,"showMaterialUpdate":true,"showSkybox":false,"showFlares":true,"showImageEffects":true,"showParticleSystems":true},"in2DMode":false,"pivot":{"x":0.29518580436706545,"y":3.663588762283325,"z":-0.39016008377075198},"rotation":{"x":0.001287157996557653,"y":0.9881194829940796,"z":-0.15358778834342957,"w":0.008330188691616059},"size":9.827826499938965,"orthographic":false}