{"cameraMode":{"drawMode":0,"name":"Shaded","section":"Shading Mode"},"sceneLighting":false,"audioPlay":false,"sceneViewState":{"showFog":true,"showMaterialUpdate":true,"showSkybox":false,"showFlares":true,"showImageEffects":true,"showParticleSystems":true},"in2DMode":false,"pivot":{"x":1.5886101722717286,"y":-4.109000205993652,"z":-0.7451538443565369},"rotation":{"x":0.34915050864219668,"y":-0.5225715637207031,"z":0.24742268025875092,"w":0.7374273538589478},"size":7.093122482299805,"orthographic":false}