{"cameraMode":{"drawMode":0,"name":"Shaded","section":"Shading Mode"},"sceneLighting":false,"audioPlay":false,"sceneViewState":{"showFog":true,"showMaterialUpdate":true,"showSkybox":false,"showFlares":true,"showImageEffects":true,"showParticleSystems":true},"in2DMode":false,"pivot":{"x":6.051774501800537,"y":-11.27029800415039,"z":-19.099872589111329},"rotation":{"x":0.44228652119636538,"y":0.22763299942016602,"z":-0.11711432784795761,"w":0.859596848487854},"size":46.44734573364258,"orthographic":false}