{"cameraMode":{"drawMode":0,"name":"Shaded","section":"Shading Mode"},"sceneLighting":false,"audioPlay":false,"sceneViewState":{"showFog":true,"showMaterialUpdate":true,"showSkybox":false,"showFlares":true,"showImageEffects":true,"showParticleSystems":true},"in2DMode":false,"pivot":{"x":-9.788249015808106,"y":4.428566932678223,"z":-25.76861572265625},"rotation":{"x":-0.031315483152866366,"y":0.9578351974487305,"z":-0.2616882026195526,"w":-0.1145903468132019},"size":17.11581802368164,"orthographic":false}