{"cameraMode":{"drawMode":0,"name":"Shaded","section":"Shading Mode"},"sceneLighting":true,"audioPlay":false,"sceneViewState":{"showFog":true,"showMaterialUpdate":true,"showSkybox":false,"showFlares":true,"showImageEffects":true,"showParticleSystems":true},"in2DMode":false,"pivot":{"x":639.4205932617188,"y":787.4734497070313,"z":-1224.8900146484375},"rotation":{"x":-0.06594084203243256,"y":-0.02061508409678936,"z":0.0013498089974746109,"w":-0.9976441860198975},"size":295.47479248046877,"orthographic":false}