{"cameraMode":{"drawMode":0,"name":"Shaded","section":"Shading Mode"},"sceneLighting":false,"audioPlay":false,"sceneViewState":{"showFog":true,"showMaterialUpdate":true,"showSkybox":false,"showFlares":true,"showImageEffects":true,"showParticleSystems":true},"in2DMode":false,"pivot":{"x":120.03697204589844,"y":7.4818572998046879,"z":154.7603302001953},"rotation":{"x":-0.25613537430763247,"y":-0.2473943829536438,"z":0.06798794120550156,"w":-0.9320046901702881},"size":21.22551727294922,"orthographic":false}