{"cameraMode":{"drawMode":0,"name":"Shaded","section":"Shading Mode"},"sceneLighting":true,"audioPlay":false,"sceneViewState":{"showFog":true,"showMaterialUpdate":true,"showSkybox":false,"showFlares":true,"showImageEffects":true,"showParticleSystems":true},"in2DMode":false,"pivot":{"x":-21.08933448791504,"y":-0.5462698936462402,"z":-3.7545647621154787},"rotation":{"x":0.1863662749528885,"y":0.657156229019165,"z":-0.1725749373435974,"w":0.7096726298332214},"size":14.018874168395996,"orthographic":false}