{"cameraMode":{"drawMode":0,"name":"Shaded","section":"Shading Mode"},"sceneLighting":false,"audioPlay":false,"sceneViewState":{"showFog":true,"showMaterialUpdate":true,"showSkybox":false,"showFlares":true,"showImageEffects":true,"showParticleSystems":true},"in2DMode":false,"pivot":{"x":-0.06127318739891052,"y":0.9678897857666016,"z":0.3450906574726105},"rotation":{"x":-0.043446555733680728,"y":0.9527249336242676,"z":-0.16422617435455323,"w":-0.25198647379875185},"size":5.23331880569458,"orthographic":false}