{"cameraMode":{"drawMode":0,"name":"Shaded","section":"Shading Mode"},"sceneLighting":false,"audioPlay":false,"sceneViewState":{"showFog":true,"showMaterialUpdate":true,"showSkybox":false,"showFlares":true,"showImageEffects":true,"showParticleSystems":true},"in2DMode":false,"pivot":{"x":-0.1952877640724182,"y":3.981828212738037,"z":-19.859529495239259},"rotation":{"x":0.1896265596151352,"y":0.5119397640228272,"z":-0.1170046329498291,"w":0.8296455144882202},"size":16.500747680664064,"orthographic":false}