{"cameraMode":{"drawMode":0,"name":"Shaded","section":"Shading Mode"},"sceneLighting":false,"audioPlay":false,"sceneViewState":{"showFog":true,"showMaterialUpdate":true,"showSkybox":false,"showFlares":true,"showImageEffects":true,"showParticleSystems":true},"in2DMode":false,"pivot":{"x":-14.728949546813965,"y":4.392467975616455,"z":-19.17414093017578},"rotation":{"x":-0.0012798903044313193,"y":0.9907237887382507,"z":-0.1357775181531906,"w":-0.009486274793744088},"size":9.644704818725586,"orthographic":false}