{"cameraMode":{"drawMode":0,"name":"Shaded","section":"Shading Mode"},"sceneLighting":false,"audioPlay":false,"sceneViewState":{"showFog":true,"showMaterialUpdate":true,"showSkybox":false,"showFlares":true,"showImageEffects":true,"showParticleSystems":true},"in2DMode":false,"pivot":{"x":125.191650390625,"y":2.467191457748413,"z":144.76950073242188},"rotation":{"x":0.18972176313400269,"y":0.1923883706331253,"z":-0.03793276473879814,"w":0.9620793461799622},"size":14.873345375061036,"orthographic":false}