{"cameraMode":{"drawMode":0,"name":"Shaded","section":"Shading Mode"},"sceneLighting":true,"audioPlay":false,"sceneViewState":{"showFog":true,"showMaterialUpdate":true,"showSkybox":false,"showFlares":true,"showImageEffects":true,"showParticleSystems":true},"in2DMode":false,"pivot":{"x":-9.286941528320313,"y":-20.62776756286621,"z":-4.130948543548584},"rotation":{"x":-0.375747412443161,"y":-0.11215053498744965,"z":0.045860446989536288,"w":-0.9188029766082764},"size":65.99815368652344,"orthographic":false}