{"cameraMode":{"drawMode":0,"name":"Shaded","section":"Shading Mode"},"sceneLighting":true,"audioPlay":false,"sceneViewState":{"showFog":true,"showMaterialUpdate":true,"showSkybox":false,"showFlares":true,"showImageEffects":true,"showParticleSystems":true},"in2DMode":false,"pivot":{"x":-5.524974346160889,"y":2.167978286743164,"z":2.413926362991333},"rotation":{"x":0.4088681936264038,"y":-0.0013713305816054345,"z":0.000619550934061408,"w":0.9126021862030029},"size":38.59516525268555,"orthographic":false}