{"cameraMode":{"drawMode":0,"name":"Shaded","section":"Shading Mode"},"sceneLighting":false,"audioPlay":false,"sceneViewState":{"showFog":true,"showMaterialUpdate":true,"showSkybox":false,"showFlares":true,"showImageEffects":true,"showParticleSystems":true},"in2DMode":false,"pivot":{"x":120.11044311523438,"y":1.829592227935791,"z":144.9074249267578},"rotation":{"x":-0.25613537430763247,"y":-0.2473943829536438,"z":0.06798794120550156,"w":-0.9320046901702881},"size":14.455179214477539,"orthographic":false}