{"cameraMode":{"drawMode":0,"name":"Shaded","section":"Shading Mode"},"sceneLighting":false,"audioPlay":false,"sceneViewState":{"showFog":true,"showMaterialUpdate":true,"showSkybox":false,"showFlares":true,"showImageEffects":true,"showParticleSystems":true},"in2DMode":false,"pivot":{"x":0.010796964168548584,"y":-0.04660463333129883,"z":-0.038631439208984378},"rotation":{"x":0.46375247836112978,"y":0.23653915524482728,"z":-0.12999466061592103,"w":0.8438528776168823},"size":2.633453130722046,"orthographic":false}