{"cameraMode":{"drawMode":0,"name":"Shaded","section":"Shading Mode"},"sceneLighting":false,"audioPlay":false,"sceneViewState":{"showFog":true,"showMaterialUpdate":true,"showSkybox":false,"showFlares":true,"showImageEffects":true,"showParticleSystems":true},"in2DMode":false,"pivot":{"x":-10.109103202819825,"y":4.042516231536865,"z":-15.013992309570313},"rotation":{"x":0.1896265596151352,"y":0.5119397640228272,"z":-0.1170046329498291,"w":0.8296455144882202},"size":19.81888771057129,"orthographic":false}