{"cameraMode":{"drawMode":0,"name":"Shaded","section":"Shading Mode"},"sceneLighting":true,"audioPlay":false,"sceneViewState":{"showFog":true,"showMaterialUpdate":true,"showSkybox":false,"showFlares":true,"showImageEffects":true,"showParticleSystems":true},"in2DMode":false,"pivot":{"x":1.93403160572052,"y":8.701335906982422,"z":5.293280601501465},"rotation":{"x":-0.11740264296531677,"y":0.8819170594215393,"z":-0.30386292934417727,"w":-0.34074386954307558},"size":70.04316711425781,"orthographic":false}