{"cameraMode":{"drawMode":0,"name":"Shaded","section":"Shading Mode"},"sceneLighting":false,"audioPlay":false,"sceneViewState":{"showFog":true,"showMaterialUpdate":true,"showSkybox":false,"showFlares":true,"showImageEffects":true,"showParticleSystems":true},"in2DMode":false,"pivot":{"x":135.0,"y":3.1027133464813234,"z":144.8599853515625},"rotation":{"x":-0.25613537430763247,"y":-0.2473943829536438,"z":0.06798794120550156,"w":-0.9320046901702881},"size":16.018199920654298,"orthographic":false}