{"cameraMode":{"drawMode":0,"name":"Shaded","section":"Shading Mode"},"sceneLighting":false,"audioPlay":false,"sceneViewState":{"showFog":true,"showMaterialUpdate":true,"showSkybox":false,"showFlares":true,"showImageEffects":true,"showParticleSystems":true},"in2DMode":false,"pivot":{"x":129.7812042236328,"y":5.170842170715332,"z":154.86273193359376},"rotation":{"x":-0.25613537430763247,"y":-0.2473943829536438,"z":0.06798794120550156,"w":-0.9320046901702881},"size":17.383363723754884,"orthographic":false}